{"cameraMode":{"drawMode":0,"name":"Shaded","section":"Shading Mode"},"sceneLighting":false,"audioPlay":false,"sceneViewState":{"m_AlwaysRefresh":false,"showFog":false,"showSkybox":false,"showFlares":false,"showImageEffects":false,"showParticleSystems":false,"showVisualEffectGraphs":true,"m_FxEnabled":true},"in2DMode":false,"pivot":{"x":-0.03787091374397278,"y":0.7505536079406738,"z":0.055842846632003787},"rotation":{"x":0.10553960502147675,"y":-0.8922063112258911,"z":0.2748238146305084,"w":0.34257155656814577},"size":1.016843318939209,"orthographic":false}