{"cameraMode":{"drawMode":0,"name":"Shaded","section":"Shading Mode"},"sceneLighting":true,"audioPlay":false,"sceneViewState":{"m_AlwaysRefresh":false,"showFog":true,"showSkybox":true,"showFlares":true,"showImageEffects":true,"showParticleSystems":true,"showVisualEffectGraphs":true,"m_FxEnabled":true},"in2DMode":false,"pivot":{"x":0.7925227284431458,"y":1.661362886428833,"z":2.2532541751861574},"rotation":{"x":-0.06458701938390732,"y":0.9032302498817444,"z":-0.14651376008987428,"w":-0.3981679081916809},"size":1.2247449159622193,"orthographic":false}