{"cameraMode":{"drawMode":0,"name":"Shaded","section":"Shading Mode"},"sceneLighting":false,"audioPlay":false,"sceneViewState":{"m_AlwaysRefresh":false,"showFog":false,"showSkybox":false,"showFlares":false,"showImageEffects":false,"showParticleSystems":false,"showVisualEffectGraphs":true,"m_FxEnabled":true},"in2DMode":false,"pivot":{"x":-0.20434080064296723,"y":1.037996530532837,"z":0.19654762744903565},"rotation":{"x":-0.008795440196990967,"y":0.9868292212486267,"z":0.05748886242508888,"w":0.1509624719619751},"size":1.1789907217025757,"orthographic":false}